customer_id,annual_spend,orders_per_year
C001,1133,25
C002,443,2
C003,1327,18
C004,731,28
C005,898,26
C006,2485,26
C007,276,4
C008,2312,5
C009,2969,28
C010,171,4
C011,969,23
C012,309,21
C013,1965,2
C014,475,3
C015,2903,30
C016,1077,22
C017,2718,27
C018,2407,2
C019,511,3
C020,1804,3
C021,997,22
C022,2588,30
C023,849,24
C024,1924,7
C025,1957,6
C026,2180,8
C027,1048,29
C028,846,24
C029,628,4
C030,2189,7
C031,1910,5
C032,2296,4
C033,726,23
C034,623,24
C035,2444,28
C036,239,5
C037,1993,24
C038,934,24
C039,311,3
C040,2659,29
C041,2129,8
C042,430,5
C043,459,3
C044,363,4
C045,2589,6
C046,1616,6
C047,412,2
C048,714,4
C049,814,21
C050,974,29
C051,389,4
C052,166,4
C053,2172,5
C054,904,28
C055,1024,17
C056,3302,26
C057,2260,4
C058,546,3
C059,183,4
C060,2068,6
C061,347,2
C062,1087,29
C063,159,2
C064,2912,28
C065,996,23
C066,3173,32
C067,956,24
C068,2311,5
C069,2127,5
C070,593,16
C071,695,18
C072,550,3
C073,880,30
C074,2857,7
C075,297,3
C076,981,28
C077,1756,5
C078,1113,23
C079,2274,33
C080,641,2
C081,308,3
C082,904,25
C083,156,5
C084,2573,31
C085,2397,27
C086,2287,29
C087,292,3
C088,188,2
C089,2622,35
C090,379,4
C091,833,23
C092,488,21
C093,699,26
C094,2616,24
C095,2961,34
C096,519,3
C097,535,1
C098,319,4
C099,536,4
C100,210,3
C101,321,3
C102,318,3
C103,521,2
C104,2721,24
C105,432,3
C106,174,4
C107,185,6
C108,671,25
C109,2140,5
C110,2766,6
C111,1186,23
C112,2233,4
C113,278,3
C114,960,18
C115,2951,27
C116,446,1
C117,513,2
C118,2003,3
C119,2628,27
C120,2687,24
C121,1211,24
C122,776,29
C123,416,4
C124,212,6
C125,424,3
C126,1891,4
C127,656,18
C128,2502,33
C129,2272,2
C130,408,4
C131,904,21
C132,1137,21
C133,2176,7
C134,882,22
C135,451,3
C136,561,2
C137,1230,23
C138,971,22
C139,2837,26
C140,2787,27
C141,3117,23
C142,286,2
C143,449,4
C144,203,3
C145,445,4
C146,3166,32
C147,549,25
C148,209,3
C149,303,3
C150,1815,5
C151,1275,27
C152,519,2
C153,337,4
C154,2436,6
C155,373,1
C156,2045,6
C157,2496,8
C158,480,2
C159,2438,26
C160,964,27
C161,495,1
C162,517,4
C163,2478,2
C164,2135,29
C165,468,2
C166,567,2
C167,369,4
C168,816,16
C169,467,1
C170,2258,4
C171,952,25
C172,892,35
C173,714,2
C174,389,2
C175,58,3
C176,2284,5
C177,3038,21
C178,2158,5
C179,2962,30
C180,193,3
C181,674,2
C182,616,4
C183,775,22
C184,1797,5
C185,644,1
C186,553,2
C187,479,1
C188,546,28
C189,2347,28
C190,2403,31
C191,1102,28
C192,431,6
C193,2548,5
C194,2315,19
C195,155,4
C196,509,4
C197,2570,4
C198,549,1
C199,503,3
C200,2055,4
C201,2269,5
C202,2460,29
C203,1204,22
C204,2684,28
C205,260,6
C206,2271,4
C207,1308,27
C208,558,2
C209,609,5
C210,763,24
C211,304,3
C212,2373,7
C213,2713,5
C214,1810,35
C215,294,2
C216,373,4
C217,514,4
C218,301,2
C219,1083,27
C220,2479,5
C221,634,29
C222,509,3
C223,569,5
C224,2310,7
C225,504,5
C226,2614,4
C227,649,2
C228,2321,30
C229,2280,6
C230,1123,22
C231,667,2
C232,3228,27
C233,1830,3
C234,2320,5
C235,2351,5
C236,564,21
C237,730,20
C238,657,25
C239,1177,18
C240,3363,28
